OrderID,CustomerID,EmployeeID,StoreID,OrderDate,TotalAmount
667,571,35,1,2025-10-23,2761.47
984,569,39,2,2025-06-14,51.85
1161,479,40,1,2025-07-12,949.27
1041,262,16,1,2023-12-08,1891.25
862,34,38,2,2025-12-27,7586.76
445,54,22,3,2024-08-29,3222.84
744,449,23,1,2024-05-27,3132.48
1190,589,38,2,2025-12-02,1429.18
1345,24,45,4,2024-01-18,2296.22
1386,542,7,5,2024-12-27,5296.13
578,135,33,4,2025-05-28,4633.48
67,60,15,3,2024-02-12,1136.43
636,289,18,3,2024-06-22,1944.12
365,388,26,5,2024-01-25,4470.18
715,450,22,2,2025-01-14,412.65
754,582,38,2,2024-09-12,966.68
472,478,35,2,2024-12-10,1004.81
285,169,24,6,2026-01-08,6192.77
1370,190,40,4,2025-01-27,2021.76
1259,160,3,3,2024-11-25,4144.78
1138,360,36,2,2025-02-11,3024.54
1071,289,19,3,2025-09-01,5167.32
370,575,2,4,2025-12-15,2353.22
59,591,31,3,2025-03-20,5900.09
1455,414,27,1,2025-11-11,3371.39
437,393,41,3,2025-01-13,5597.07
751,96,35,6,2024-09-26,1782.43
454,334,40,5,2025-10-14,6071.73
563,554,3,3,2024-06-06,4378.92
267,481,50,6,2024-11-03,5944.63
1459,588,34,2,2024-02-06,1550.52
855,11,1,1,2025-09-10,1556.02
378,49,37,6,2025-11-29,2061.19
120,58,11,1,2026-01-28,9957.00
937,141,46,1,2024-05-12,582.45
546,576,12,4,2024-10-14,4222.60
887,90,18,4,2023-11-30,1165.50
709,101,10,1,2024-02-08,3068.03
958,171,28,1,2023-10-14,623.61
1439,269,3,5,2025-03-20,5386.12
682,456,35,5,2024-12-08,4090.27
584,217,49,4,2025-05-04,970.46
288,178,5,6,2025-09-11,3963.46
548,242,16,2,2026-02-02,3379.31
1492,553,26,2,2026-01-01,5390.33
1297,382,5,6,2025-04-18,2750.93
685,354,46,2,2024-08-30,969.29
605,134,7,6,2024-07-14,2704.36
812,137,30,1,2024-06-05,1631.93
852,570,4,3,2023-10-05,4180.46
453,232,48,6,2024-03-03,847.68
1239,290,31,3,2025-12-26,3742.53
778,139,27,3,2025-03-05,3120.43
1215,234,34,4,2026-03-05,5242.32
840,117,9,2,2024-10-06,4242.23
1212,302,7,1,2024-01-21,2952.79
329,592,13,2,2024-11-07,4731.03
859,38,8,1,2025-07-24,9902.56
762,395,5,1,2025-11-29,3951.13
849,486,38,6,2024-12-07,1838.38
1257,145,47,5,2025-02-04,1352.52
650,139,36,3,2024-08-20,4259.72
846,241,4,3,2025-12-10,1101.26
413,33,8,5,2026-02-15,3237.41
1322,259,29,5,2026-01-14,2764.81
585,212,10,5,2024-04-10,4992.57
1005,93,34,2,2026-01-25,3359.15
906,505,9,4,2024-08-20,1808.06
1220,401,4,5,2025-07-24,6809.29
1343,121,21,5,2025-05-23,1641.59
1034,266,32,2,2025-09-24,2462.69
141,85,37,4,2025-05-11,2754.80
117,41,48,4,2023-10-11,4903.86
720,243,16,5,2025-11-20,4592.94
273,5,28,4,2024-10-05,2881.50
1175,499,49,4,2025-04-02,3196.28
343,24,15,2,2025-03-14,7191.61
536,291,49,6,2024-04-13,2038.93
656,185,46,4,2023-12-14,5560.20
591,592,49,4,2024-07-30,2038.01
1067,110,19,5,2025-02-24,2244.54
609,187,47,6,2024-09-24,1217.07
540,317,19,1,2024-09-29,4698.72
755,9,6,2,2024-01-30,3731.38
1130,149,38,5,2024-07-05,5529.94
394,488,42,6,2024-09-13,9486.96
968,524,6,6,2024-08-30,3958.31
86,573,44,4,2025-10-14,759.98
848,36,34,2,2024-09-02,7424.75
924,505,5,2,2024-03-01,6210.79
197,366,16,1,2023-11-05,3100.96
671,153,11,5,2023-10-12,4088.93
1158,406,39,5,2024-04-04,1519.97
1496,530,29,2,2025-05-08,7280.73
145,460,42,3,2025-11-29,7443.09
205,170,38,1,2024-10-15,2548.20
854,222,45,2,2026-03-04,5770.17
821,316,24,4,2024-05-19,2310.44
1425,454,29,1,2025-07-19,4046.33
68,390,41,6,2025-12-20,3229.68
235,190,3,5,2025-05-12,3838.29
46,421,49,6,2024-01-10,6613.82
1124,468,15,5,2025-10-31,2058.43
459,1,26,5,2024-04-10,645.32
244,350,24,4,2026-02-03,3689.97
624,557,17,1,2024-04-18,1077.19
512,333,3,6,2025-01-20,5349.24
442,432,43,5,2025-05-29,2475.99
1271,512,30,5,2025-03-01,4970.90
706,377,4,5,2026-01-07,5988.90
339,89,17,4,2025-09-03,1585.76
119,184,39,2,2025-05-04,3576.16
702,27,5,5,2025-06-11,2935.03
1283,139,25,4,2023-12-23,1489.35
1084,177,4,3,2024-06-12,2218.55
988,553,40,2,2026-02-04,774.91
736,185,48,4,2024-06-01,5783.26
608,587,21,1,2024-12-13,7540.17
886,92,35,2,2025-08-23,1382.85
966,209,25,2,2024-09-30,2550.12
147,380,14,5,2024-10-12,3017.73
1039,175,32,2,2025-05-01,5006.54
1430,477,19,4,2025-09-14,1075.58
1416,207,48,3,2023-12-06,2110.79
568,45,39,2,2026-02-20,3669.18
491,143,12,3,2024-05-22,4830.62
420,267,43,3,2024-12-23,7712.09
825,77,27,5,2023-12-28,3483.64
52,556,42,1,2023-12-17,1930.95
377,452,17,5,2025-07-05,867.51
1099,144,1,1,2025-08-15,5181.47
1192,459,14,6,2025-06-21,3077.98
327,522,10,3,2025-07-25,4430.53
296,506,29,5,2025-09-21,2913.50
232,383,23,5,2024-08-13,3805.17
659,158,30,4,2024-05-09,6801.17
1046,348,45,3,2024-04-02,5808.01
883,105,42,5,2024-10-12,4485.86
397,293,26,6,2024-08-02,2957.63
1051,422,9,3,2024-09-27,3630.32
1408,263,30,4,2025-09-13,1932.80
745,463,10,5,2026-01-31,3534.68
637,45,6,5,2025-02-10,3401.44
146,307,14,1,2024-05-07,3356.48
228,44,23,1,2023-09-25,7329.75
1207,397,20,6,2024-04-23,2404.29
1291,430,40,5,2025-01-15,6030.68
1081,48,38,1,2024-12-29,1432.78
860,51,6,6,2025-11-19,7417.94
974,554,3,2,2024-02-14,2977.62
414,497,36,2,2023-11-27,7144.28
1202,297,29,4,2025-11-01,4138.08
380,103,28,1,2024-07-31,929.14
1263,507,21,4,2024-08-02,5597.30
905,118,37,5,2023-11-05,5794.31
628,56,45,6,2024-08-06,3632.16
1086,565,35,3,2025-05-28,3615.51
1330,94,4,1,2025-10-05,2077.97
877,497,36,6,2025-01-01,385.19
1015,385,17,4,2025-12-22,3806.02
1353,314,40,3,2025-01-15,3103.00
1382,75,24,4,2024-02-12,3811.47
960,447,9,4,2024-07-21,1420.61
183,186,1,5,2025-08-13,663.97
209,215,28,3,2024-04-30,1729.34
1299,511,47,1,2025-10-22,2857.27
1224,379,11,5,2024-05-24,2677.36
432,518,1,3,2026-01-29,434.64
1242,291,38,6,2024-09-14,4053.53
790,421,7,4,2023-12-14,4384.37
1477,450,16,2,2024-12-13,8372.79
462,125,30,5,2024-01-30,1071.58
1233,428,43,6,2024-10-29,1239.81
1260,17,46,3,2023-12-20,5010.34
919,126,30,2,2025-03-01,5218.48
284,265,15,2,2023-12-21,6476.82
869,229,25,4,2025-07-06,8864.04
1479,84,9,6,2025-06-08,6262.15
1153,198,12,3,2025-03-13,3757.07
604,71,47,4,2024-04-26,6945.67
1372,490,34,5,2024-12-23,6031.15
464,2,4,3,2025-11-29,5806.46
784,195,41,5,2024-06-11,8289.00
498,375,25,1,2025-07-20,3824.42
820,147,35,5,2024-08-07,5911.69
1100,182,43,4,2024-10-20,2626.39
537,575,22,3,2024-05-03,228.75
222,597,47,3,2025-03-17,4313.94
111,341,19,4,2025-09-25,2313.01
1056,326,34,1,2024-02-24,6360.52
1230,346,42,2,2025-09-11,3416.13
184,230,7,2,2025-11-04,2203.96
623,212,9,2,2024-05-18,5091.86
1390,273,48,3,2024-04-17,3239.57
1272,469,28,4,2024-06-05,2249.81
1315,408,47,4,2024-02-05,1436.74
703,370,5,5,2024-08-16,846.29
304,124,4,2,2024-03-20,2894.75
1359,549,8,6,2024-06-24,4056.61
104,187,19,1,2025-10-20,6827.76
832,408,17,6,2024-02-24,3665.65
922,540,24,5,2025-04-08,3743.90
1355,490,37,3,2025-08-13,1664.61
586,482,11,1,2025-03-21,2324.17
429,89,27,2,2023-10-20,1950.75
911,556,49,2,2025-06-21,3549.55
253,156,50,3,2024-10-03,1833.31
885,151,3,3,2025-11-01,4134.61
847,398,34,3,2025-11-28,4182.45
257,341,9,6,2026-02-01,1541.42
163,321,44,1,2024-02-05,3171.63
10,466,40,2,2025-09-01,9343.63
815,6,10,2,2025-08-09,3026.04
424,131,14,2,2025-08-06,2988.57
1237,382,8,2,2024-11-20,1552.19
651,379,6,5,2025-04-05,1179.84
1043,332,37,2,2024-02-15,3575.85
1156,36,13,6,2024-05-14,1655.89
256,12,48,3,2025-11-12,4183.44
957,522,16,3,2023-09-25,5215.26
1222,351,37,5,2024-03-16,4466.18
478,356,30,5,2025-03-03,6140.40
879,500,26,1,2025-04-13,1575.88
152,135,23,6,2023-10-19,3835.38
302,322,41,3,2024-06-29,8250.91
598,53,46,3,2023-09-29,1522.78
471,7,20,3,2025-11-28,2763.28
1470,186,11,5,2026-01-24,4092.33
1399,497,6,5,2025-08-16,3417.96
1079,411,6,4,2026-01-20,4046.18
990,131,6,1,2024-07-12,581.80
283,203,43,5,2024-12-06,432.86
1179,121,27,2,2023-11-19,4019.93
1316,508,17,3,2024-07-04,189.36
1140,136,12,1,2025-05-06,2644.36
274,357,34,3,2024-03-08,4053.93
689,399,39,6,2025-05-05,2996.78
129,24,39,6,2025-03-28,3839.13
451,62,49,2,2026-02-05,5583.80
891,340,10,4,2024-03-11,1932.56
2,74,31,1,2025-12-31,3376.51
897,578,18,4,2025-04-28,4313.43
446,581,26,5,2023-12-11,943.02
1301,160,45,1,2025-09-25,2093.39
630,265,34,1,2023-11-18,9001.07
447,30,28,4,2024-08-20,5273.63
1209,338,30,1,2024-03-02,6133.96
172,292,30,6,2025-02-23,1547.53
364,390,13,3,2024-11-02,3385.00
298,525,47,2,2025-06-08,1380.29
503,506,47,4,2026-01-29,4628.42
1405,199,10,1,2025-01-18,2041.06
986,16,44,4,2023-10-31,4502.68
1342,56,19,3,2023-11-05,1771.89
573,598,18,2,2024-10-26,4045.06
1307,193,42,4,2025-07-26,4681.41
1499,571,25,6,2024-02-10,1997.91
1189,125,29,2,2025-01-03,5415.31
1347,109,21,4,2025-01-07,3812.43
565,559,2,2,2024-10-23,4459.31
1268,586,14,3,2024-02-27,2007.19
1324,163,6,1,2024-08-16,2552.49
186,28,5,5,2023-11-09,2400.74
475,253,30,6,2026-01-14,2607.42
1319,482,49,4,2025-01-11,3084.67
248,499,3,6,2025-10-25,6156.82
455,104,16,4,2024-09-26,4591.90
1468,474,9,5,2024-11-21,4737.15
587,214,22,1,2024-02-18,3063.30
497,591,43,6,2024-11-28,5581.56
615,458,47,2,2025-05-12,5904.01
122,203,39,3,2024-04-19,3244.56
532,304,23,6,2025-08-23,3061.11
528,1,45,3,2025-05-13,3354.20
481,456,19,2,2023-10-06,5445.79
1350,308,44,1,2024-05-15,5557.21
1424,181,17,6,2024-03-03,1012.75
11,319,43,3,2025-10-25,6338.93
276,555,14,2,2023-09-22,2748.64
572,215,16,2,2026-02-08,4440.96
1223,391,20,6,2024-04-02,3265.67
81,552,17,2,2024-09-25,1921.54
71,147,39,4,2023-11-08,1915.61
805,438,27,6,2025-06-07,6668.18
1313,541,13,6,2025-05-04,4044.66
1126,464,11,6,2024-06-23,4387.14
1304,509,26,3,2025-01-17,2059.20
1012,65,34,4,2026-01-29,2060.88
1194,203,34,1,2025-04-20,5289.17
116,92,50,2,2024-12-19,250.39
985,64,8,2,2025-03-27,4408.82
581,531,14,2,2026-02-20,3742.07
1445,206,36,1,2023-11-19,5884.43
1381,520,39,3,2025-11-07,1451.29
1401,537,35,3,2025-11-27,3296.45
1089,594,4,4,2024-10-03,6768.75
1143,594,31,6,2025-02-20,1269.81
133,371,27,6,2024-04-22,1529.34
16,252,30,1,2025-08-18,530.24
1292,243,27,5,2025-09-10,467.99
768,348,41,4,2025-09-13,1583.72
1075,260,31,5,2024-04-09,3361.33
1028,294,33,3,2024-05-30,1566.44
1169,498,22,4,2024-06-08,1994.16
923,571,42,6,2024-05-07,4223.40
1055,256,36,6,2024-04-13,3382.31
904,483,9,6,2025-04-25,1715.65
801,167,50,6,2024-09-03,5547.60
1068,365,44,1,2025-11-20,2723.63
861,388,35,4,2025-03-08,587.48
60,320,48,3,2024-07-29,1365.03
871,254,20,1,2024-07-16,3575.31
621,391,18,2,2025-10-28,2101.35
190,165,24,6,2025-02-27,3546.77
1027,378,37,3,2025-12-09,3298.54
1454,443,39,5,2025-03-11,2766.62
1497,110,20,5,2024-09-02,3312.38
668,106,44,2,2024-04-19,5011.27
195,16,47,1,2025-07-10,1199.34
280,336,9,3,2024-04-17,1093.53
502,437,22,3,2025-02-07,3482.46
281,347,11,4,2026-02-13,3006.27
1171,64,6,2,2025-02-12,1410.99
1121,529,30,4,2026-02-03,3692.55
1344,386,36,6,2025-11-09,9381.65
1092,294,23,2,2024-10-22,4666.35
1144,50,39,2,2025-12-18,5526.08
1460,244,28,1,2025-05-10,1888.32
953,452,48,1,2023-10-21,1569.76
799,432,34,3,2025-02-18,2002.81
5,579,28,2,2026-02-23,5338.30
501,176,16,6,2024-07-11,3672.43
661,323,4,3,2024-03-10,3975.19
415,553,30,3,2025-03-19,924.23
620,257,12,5,2025-04-01,4442.75
73,116,37,3,2026-01-13,1280.37
1181,416,36,4,2025-12-25,4770.12
1397,338,2,2,2024-08-18,6602.04
1243,74,44,1,2026-02-17,1324.56
115,110,10,5,2024-08-21,1884.22
780,505,43,1,2024-05-12,5056.84
1114,130,33,6,2024-01-16,4409.26
740,215,23,6,2024-06-12,1158.50
434,28,7,1,2023-10-17,3698.44
417,344,39,4,2025-08-22,6537.66
1358,14,26,6,2025-12-19,2347.85
858,201,40,4,2024-01-09,2440.80
101,5,44,2,2024-06-05,5004.96
658,281,45,1,2025-02-21,2652.14
294,586,15,6,2024-12-10,2942.53
211,408,7,2,2025-01-15,1428.48
742,513,4,1,2024-04-25,5634.93
369,436,10,3,2023-11-01,6254.89
903,213,34,5,2025-09-02,1481.63
485,238,33,6,2024-01-12,4733.61
558,353,2,4,2024-10-24,2546.48
1448,312,28,2,2024-09-15,1581.52
45,388,19,1,2025-07-19,3313.43
487,392,22,4,2024-05-21,2554.20
381,285,44,4,2025-05-16,5103.35
402,341,20,5,2025-02-24,2712.00
733,401,33,4,2024-12-16,5112.80
783,121,1,3,2025-09-01,4539.05
1450,50,25,3,2026-02-21,5443.28
1129,584,38,5,2025-10-22,1355.67
291,564,35,2,2024-03-05,4493.66
449,547,3,6,2025-05-16,4252.45
150,485,8,1,2024-01-31,2898.62
1125,222,48,1,2023-12-30,2434.67
17,519,46,5,2023-09-30,3024.54
600,460,17,6,2023-09-25,2903.46
1471,115,33,1,2024-02-02,6362.92
295,328,37,2,2024-01-27,1027.99
353,308,28,6,2024-05-27,1228.00
210,246,30,1,2024-03-20,5637.83
1302,58,6,3,2023-09-22,4414.42
51,177,21,2,2023-10-13,3505.72
1383,341,45,1,2025-09-04,5084.90
700,226,33,1,2026-03-06,1109.32
692,478,40,3,2025-08-30,5888.71
1000,510,26,1,2025-01-03,3073.63
98,587,36,1,2026-01-25,949.69
358,303,20,5,2024-04-03,1359.14
509,390,10,5,2023-11-20,4208.55
980,77,38,5,2024-11-19,6845.32
976,169,15,6,2024-06-19,2554.45
188,439,24,6,2026-02-14,3143.26
1191,68,47,4,2026-02-11,745.29
941,136,50,5,2025-03-14,3628.58
918,102,23,3,2025-12-22,4537.06
679,29,42,4,2026-01-21,2878.17
74,213,33,1,2024-10-10,3620.57
221,77,8,3,2025-07-06,2978.27
1321,91,29,6,2025-11-24,3117.30
638,192,42,4,2025-03-26,4049.10
697,347,22,6,2025-04-05,3105.40
271,451,6,3,2024-11-21,1492.14
851,109,22,1,2025-07-10,1143.02
299,72,12,5,2026-02-13,2291.66
543,257,6,5,2024-12-07,1577.45
1481,250,19,5,2026-01-05,2030.39
388,445,30,3,2023-11-26,7141.95
835,169,16,6,2025-10-19,2893.99
829,509,9,1,2023-11-09,7040.40
279,379,8,3,2024-05-05,1320.03
944,547,8,3,2024-04-22,280.26
1024,241,37,6,2024-09-15,2975.32
30,168,35,5,2023-11-06,2727.66
1414,160,5,3,2025-07-12,4788.95
521,238,37,6,2025-07-26,1858.19
732,254,29,6,2023-11-22,3112.71
97,402,42,2,2024-11-17,4521.21
450,15,10,3,2024-03-12,5223.47
1208,9,12,6,2025-05-30,3157.17
1367,342,47,1,2025-08-02,3159.40
1326,58,5,3,2025-09-22,4442.58
647,162,27,6,2025-09-30,2590.00
324,300,44,1,2023-12-24,5233.92
237,524,35,4,2024-08-28,3605.38
239,329,47,6,2025-08-02,1669.27
1113,345,48,1,2026-01-29,3669.37
6,597,14,1,2023-10-30,1381.57
1072,553,2,2,2025-10-31,1637.75
686,214,16,2,2025-07-05,1504.80
492,17,27,6,2023-12-12,4805.65
809,316,20,1,2024-10-23,1044.55
431,504,27,4,2026-01-09,4238.58
1303,465,38,3,2024-10-01,5056.67
544,375,34,5,2024-01-06,8524.50
1493,423,49,3,2025-04-19,2628.68
1080,374,15,2,2023-11-29,4792.47
972,594,23,1,2025-05-21,4574.07
1295,110,3,1,2025-05-02,1276.58
1240,382,38,2,2025-01-28,2508.18
468,459,18,3,2024-06-27,4071.95
917,348,18,5,2024-09-28,340.27
312,47,15,1,2025-07-29,3848.58
1040,114,26,1,2025-12-26,1076.22
112,387,2,1,2025-08-23,1089.84
26,36,20,6,2025-12-28,1482.17
1183,44,28,2,2025-06-02,3868.24
1265,387,1,6,2024-02-06,6492.01
1076,127,33,3,2025-12-05,1787.44
254,279,29,5,2025-01-25,3922.69
530,211,19,5,2024-10-21,2132.32
758,509,13,6,2025-05-01,1151.89
157,190,9,6,2023-11-25,7170.28
385,378,8,3,2024-10-04,1604.51
619,406,10,3,2026-01-18,1498.87
264,234,8,3,2025-01-23,4056.74
144,446,29,6,2023-12-01,5658.81
217,508,37,4,2025-05-14,4149.84
18,488,34,3,2024-01-04,9517.68
1060,487,6,1,2024-08-15,1219.49
469,139,40,3,2025-10-04,2065.09
1305,548,23,3,2025-03-29,3924.15
187,435,8,6,2025-06-05,3845.54
1429,154,7,5,2025-06-04,3891.37
856,271,14,1,2025-12-02,2190.14
1200,525,39,2,2024-02-04,6937.02
40,193,43,4,2026-01-10,6422.92
664,313,41,1,2024-03-28,2973.04
901,98,32,2,2023-09-30,3234.23
514,479,12,2,2023-11-24,747.86
110,69,24,6,2024-09-03,3130.95
872,26,2,6,2025-05-05,497.18
874,374,15,1,2024-04-10,5452.14
930,205,19,4,2024-09-03,5285.64
251,288,4,6,2023-10-17,3090.95
1029,416,38,6,2024-07-18,1329.39
1418,399,30,3,2024-08-07,2770.10
131,146,32,2,2024-04-03,1128.88
466,336,9,2,2025-04-21,1045.61
747,545,30,1,2025-05-18,1172.50
890,452,7,5,2024-07-27,1279.77
27,349,28,5,2025-12-11,3024.66
950,188,30,2,2024-03-21,4654.86
1463,26,43,5,2026-01-12,2754.66
1369,204,49,6,2024-09-23,3897.58
325,446,30,4,2023-11-05,3996.92
348,417,27,2,2024-05-01,2295.56
308,566,31,5,2024-07-01,1681.96
1122,509,27,2,2025-03-30,3480.40
670,243,49,2,2025-02-15,1392.01
920,54,47,5,2023-10-14,1997.02
1293,164,27,5,2023-12-22,3319.85
513,286,24,4,2025-07-13,2322.34
202,81,28,3,2025-12-23,5778.85
1378,582,3,5,2025-10-22,4280.86
158,191,33,3,2025-03-29,3142.35
1388,578,11,6,2024-06-29,2457.51
78,283,15,4,2025-07-30,3135.02
315,366,26,2,2025-09-26,3003.38
457,296,24,1,2024-09-14,2446.78
773,556,47,2,2025-12-23,2798.59
1152,205,16,5,2025-07-15,1328.24
1127,95,23,1,2026-02-05,2986.88
1490,163,29,1,2024-04-24,1609.78
398,406,13,4,2025-10-15,1941.77
331,102,2,2,2024-12-09,1651.09
1022,133,23,4,2024-02-11,3034.32
96,363,47,4,2025-03-30,1444.67
867,511,30,6,2025-12-04,2732.16
1054,5,47,3,2025-01-09,4713.53
1376,146,5,3,2025-04-17,1908.86
714,556,35,5,2026-01-09,3997.55
830,207,37,4,2023-10-07,8158.21
361,405,41,5,2024-02-10,3251.25
344,398,27,6,2024-09-08,1841.25
1094,513,21,2,2024-01-10,2469.40
550,507,23,4,2025-02-19,120.62
1476,227,10,3,2025-11-02,1263.41
1148,448,20,5,2024-08-20,5288.01
241,370,47,6,2025-08-08,2081.27
201,267,6,3,2024-01-26,601.95
510,371,5,2,2024-08-19,848.16
534,152,7,3,2025-06-24,1977.55
1327,392,15,1,2025-11-26,3902.39
603,471,10,1,2024-12-29,2410.00
1323,598,2,2,2023-11-28,2455.00
154,27,6,1,2023-10-19,4887.03
643,430,38,4,2025-09-20,3116.99
165,165,34,6,2025-11-06,2590.57
1095,385,34,1,2023-12-06,1896.72
1465,78,23,3,2024-10-17,859.72
775,21,11,4,2025-09-25,9984.20
1332,332,40,1,2025-12-12,3493.26
967,50,15,2,2024-05-28,9258.08
607,125,38,2,2024-12-13,2681.78
1258,351,34,3,2025-03-10,1877.13
340,308,30,2,2025-02-21,2400.74
1489,253,21,6,2025-02-21,6342.56
1456,456,31,4,2024-06-03,9346.33
135,492,38,5,2025-09-24,9008.76
1030,231,20,1,2025-10-07,2771.29
1473,97,45,2,2025-01-14,2820.14
69,207,21,3,2025-04-06,4441.73
508,68,12,6,2025-08-08,2881.82
109,579,17,1,2025-02-22,4504.04
1491,561,34,2,2024-04-08,964.13
35,296,49,4,2025-01-30,5579.91
834,299,39,1,2025-06-25,4271.06
1245,373,30,6,2024-03-14,3177.99
1109,84,14,2,2023-10-18,1229.34
817,578,29,5,2024-07-27,1082.49
687,24,26,3,2025-05-19,3312.59
931,64,30,3,2024-02-21,1074.06
31,246,12,4,2024-01-15,2884.92
580,101,33,5,2024-09-30,6051.04
1226,483,10,3,2025-07-16,7389.94
1486,294,17,4,2025-08-03,3380.69
20,259,43,5,2025-07-24,5176.36
1135,85,5,5,2024-07-10,5990.90
827,366,32,2,2024-11-11,4747.00
761,398,37,2,2025-01-15,2564.08
1270,200,35,2,2024-02-29,6702.85
128,451,36,5,2026-02-22,2921.10
681,239,17,6,2024-12-05,5689.55
1277,22,34,1,2024-05-16,1414.00
612,35,29,1,2025-04-13,1311.18
996,95,34,5,2024-01-26,2381.90
70,192,32,5,2024-01-28,6328.50
1387,593,46,4,2025-01-07,421.96
1178,329,32,3,2024-10-13,2425.71
44,375,20,3,2024-06-14,2711.17
391,180,24,3,2024-04-01,4683.29
964,215,42,2,2024-08-17,4556.61
399,346,36,4,2026-01-30,1657.65
551,197,43,6,2025-07-15,2310.20
934,567,18,6,2024-09-16,8399.91
320,494,19,4,2024-07-09,549.97
376,73,9,3,2023-11-19,1529.16
55,103,8,3,2026-02-10,3167.26
1001,495,28,6,2024-11-12,4792.88
616,450,14,5,2025-09-20,5509.75
176,66,27,1,2025-08-06,5038.39
928,139,23,6,2025-08-28,2938.13
1288,195,48,6,2025-02-17,34.29
900,274,50,6,2025-04-30,4621.37
1339,375,19,3,2024-01-22,155.57
810,73,11,4,2024-12-09,3103.11
341,424,8,2,2023-10-06,1822.53
482,493,20,4,2024-06-09,84.65
351,442,1,1,2025-06-16,1180.75
496,227,20,4,2025-08-13,1061.50
1217,521,22,5,2025-07-15,880.94
238,412,46,1,2023-11-21,2418.75
1461,446,19,2,2025-08-02,4154.28
631,441,13,2,2024-10-24,4834.65
1159,582,23,2,2025-06-22,2954.47
1331,171,30,2,2025-11-10,5644.51
64,583,28,1,2024-03-04,4290.08
1248,144,11,2,2024-03-24,3645.69
360,307,2,6,2025-02-24,4056.43
189,56,28,5,2024-09-10,3478.95
1059,577,12,2,2025-12-04,1195.96
983,45,26,3,2024-10-12,5747.13
362,126,8,5,2024-11-18,5687.41
167,275,37,3,2025-11-27,1129.71
1428,547,29,1,2026-01-27,199.75
307,61,47,3,2025-07-18,1154.35
390,572,1,1,2025-06-18,4657.43
474,7,6,6,2025-01-22,3272.28
1412,584,4,2,2023-10-21,882.98
1229,471,21,1,2025-12-28,4538.94
493,550,32,3,2023-09-23,7738.10
639,254,41,2,2023-10-04,2481.35
125,26,44,6,2025-09-10,2067.92
313,378,30,5,2025-03-17,8909.37
1210,144,32,2,2024-12-19,89.06
1048,455,19,4,2025-08-10,5634.26
1185,345,39,3,2026-02-17,3835.08
1336,262,14,5,2025-10-16,5757.96
85,2,29,1,2023-10-01,6208.70
1264,491,22,5,2024-01-03,2088.71
419,381,33,1,2026-01-28,3261.79
987,598,30,4,2025-05-14,942.95
995,96,35,4,2025-03-12,2893.97
753,2,45,5,2025-01-08,7280.60
12,232,30,3,2023-11-13,491.04
684,223,28,1,2025-01-09,3739.35
309,147,25,6,2024-08-30,3851.79
23,108,50,4,2025-12-09,1004.44
765,38,47,2,2023-11-14,1812.13
114,448,17,1,2024-02-16,2204.59
322,310,17,2,2024-08-20,882.87
567,66,43,1,2024-09-13,2479.24
1328,179,35,3,2024-11-27,1534.34
657,267,21,1,2025-10-11,2514.44
1409,186,19,6,2025-03-10,2854.31
712,486,43,3,2025-01-14,5787.84
170,339,25,5,2024-08-25,2687.42
1214,19,16,5,2025-06-04,2686.19
1085,528,14,5,2024-07-06,2371.18
614,528,18,3,2024-07-17,6407.05
185,528,21,6,2025-02-08,1369.41
757,62,23,4,2024-04-26,713.90
743,112,2,4,2024-09-18,442.38
1112,101,1,5,2025-05-19,4043.00
456,355,10,4,2025-09-10,6031.93
806,448,48,3,2024-03-11,4124.45
168,337,11,3,2025-12-01,5412.66
22,548,29,6,2025-04-20,2567.70
611,421,40,2,2024-05-24,2027.11
1312,472,41,4,2025-12-05,3062.23
1368,110,10,6,2024-09-14,1440.96
1164,460,32,2,2026-03-03,1229.35
1427,518,36,1,2025-04-29,7199.24
759,208,22,4,2025-08-10,864.28
204,443,21,1,2024-03-15,5128.76
164,475,31,5,2025-08-20,2035.48
1116,118,10,2,2024-02-24,2547.79
1379,500,9,4,2024-01-26,4700.53
836,597,30,2,2024-11-12,4101.86
1177,349,45,2,2023-11-29,3941.55
266,39,34,5,2023-11-30,3457.96
1219,122,21,3,2025-01-07,5776.63
696,358,25,5,2024-01-29,3669.45
947,432,6,3,2025-11-14,2736.89
321,223,21,4,2023-12-03,1610.41
1120,579,24,5,2025-10-27,1974.46
727,247,43,3,2023-10-17,1739.17
48,155,20,3,2024-10-08,5006.74
463,124,14,2,2023-11-30,2183.68
523,388,6,1,2024-07-27,4504.06
601,481,29,4,2025-11-09,7110.41
1374,463,32,1,2024-12-31,5666.02
916,229,43,1,2025-03-24,1520.04
1035,373,48,1,2024-02-14,3466.50
425,343,13,3,2024-02-22,5291.55
84,222,18,4,2024-10-01,1937.51
1218,147,44,4,2025-11-09,1326.74
554,526,34,2,2023-12-16,3959.30
79,480,4,1,2024-01-06,1991.91
822,385,33,3,2025-08-14,2399.16
123,203,24,1,2023-10-13,372.38
766,542,15,5,2024-08-07,1691.59
1193,311,41,4,2024-07-07,428.11
1119,371,45,4,2026-02-27,2501.91
786,588,20,1,2024-01-11,6338.28
25,571,9,1,2024-11-16,2506.29
261,330,8,1,2024-07-31,378.36
828,490,24,3,2023-10-18,4167.37
997,188,24,6,2024-11-15,1463.62
371,456,43,3,2024-07-16,277.84
1407,56,10,1,2024-07-28,2091.98
259,238,19,1,2025-08-16,4520.70
1231,140,18,5,2025-04-12,1926.50
486,524,28,2,2026-03-02,3379.64
561,105,13,5,2024-02-27,2643.59
247,191,32,1,2025-02-23,1589.56
352,162,13,4,2023-11-22,1413.14
206,161,41,1,2025-05-21,4138.23
721,215,5,6,2024-03-27,1543.57
707,542,42,4,2025-12-01,3496.77
180,2,18,1,2024-12-27,4512.71
175,301,46,2,2024-03-12,5586.52
1435,102,31,3,2025-12-28,8661.48
896,262,43,3,2024-03-12,1539.77
1262,490,49,5,2025-09-25,3828.43
199,228,43,1,2024-11-30,5230.90
372,65,7,1,2025-01-18,5093.05
1311,337,18,4,2024-11-25,3896.75
207,344,4,1,2024-09-21,2251.29
823,239,15,4,2025-06-04,4049.29
522,359,36,4,2024-07-30,468.65
1247,484,40,2,2026-02-15,6691.67
1018,376,36,1,2023-12-04,1995.74
946,363,46,5,2024-05-09,5728.97
156,83,47,3,2025-03-22,6665.03
262,93,33,4,2025-11-03,2519.01
729,434,32,2,2024-11-19,70.86
1475,156,47,3,2025-04-02,7268.49
955,65,24,3,2025-02-21,2444.45
794,151,26,1,2024-11-13,5426.23
674,499,3,3,2024-12-17,3582.07
499,532,8,5,2024-01-31,5669.46
1211,387,43,5,2025-10-05,4680.35
767,245,18,3,2025-10-07,8292.20
290,176,43,5,2023-09-30,4438.10
889,122,5,5,2023-10-24,3270.20
1151,407,48,1,2025-02-11,1100.51
535,424,18,6,2024-11-28,4154.19
191,368,24,3,2024-08-29,1118.82
1174,14,35,6,2023-12-10,5248.84
336,158,17,5,2023-11-28,2801.27
1298,548,10,3,2026-01-23,4582.43
83,600,47,6,2025-11-16,3363.09
439,504,7,4,2024-05-03,1614.06
878,530,23,3,2026-02-04,900.02
597,376,3,2,2024-08-07,3694.37
1082,150,49,6,2025-05-10,5400.15
1014,22,49,5,2025-05-28,1215.16
330,198,29,6,2024-10-09,2654.87
412,294,14,1,2025-02-20,1251.20
32,347,24,1,2025-07-03,5271.36
779,151,2,5,2023-11-02,2888.28
382,448,2,3,2024-11-26,7149.50
894,84,21,6,2025-09-12,456.70
1453,137,2,4,2025-01-23,1488.68
234,516,2,4,2024-12-23,3099.96
29,139,34,1,2024-03-22,3166.20
401,177,24,3,2023-12-23,588.72
265,433,16,3,2024-07-15,4794.64
881,488,23,2,2024-01-18,3064.17
1244,318,31,2,2025-10-14,2859.13
198,397,28,3,2024-11-06,1610.28
121,173,8,4,2025-09-24,5591.21
1278,396,32,4,2025-02-02,2119.04
787,455,23,1,2025-08-15,3602.72
19,72,40,4,2024-12-16,2802.02
570,282,2,4,2024-08-06,6789.23
333,314,41,6,2024-07-08,3745.90
506,221,16,4,2023-12-30,435.34
908,74,42,3,2025-09-27,3243.14
641,114,36,2,2026-02-05,2590.82
1227,156,27,1,2025-06-08,3506.65
1474,449,8,4,2025-11-19,3174.56
124,401,27,3,2024-12-07,653.01
1016,156,11,4,2023-11-01,1041.19
788,391,18,2,2025-06-15,927.95
297,110,6,5,2024-06-07,4689.50
1044,410,40,4,2024-09-24,2228.52
1488,281,33,4,2025-03-07,4286.61
515,356,49,2,2024-07-06,8034.79
1274,577,42,6,2025-04-08,2632.82
929,572,12,3,2025-12-28,2511.24
1198,347,23,1,2025-05-31,7269.69
746,476,21,5,2025-06-08,2199.10
418,581,44,3,2026-01-19,4337.36
517,372,44,3,2024-09-09,2698.99
701,419,35,3,2025-04-03,1814.17
1276,108,18,2,2026-03-04,543.45
991,138,24,6,2025-01-12,1012.02
1352,97,21,2,2023-10-08,3290.85
677,502,36,5,2025-10-07,2647.22
963,591,42,3,2026-01-25,3938.35
610,67,21,5,2026-02-17,385.76
505,163,4,3,2025-05-07,2106.86
1232,531,10,3,2024-06-09,4946.80
802,46,20,2,2025-07-30,6966.79
345,320,27,1,2024-06-13,3756.81
553,88,18,3,2025-11-08,1875.82
837,215,46,5,2025-03-21,3301.10
1077,106,39,1,2024-07-05,3289.99
363,455,25,1,2024-12-18,4061.75
102,409,21,5,2024-07-31,6707.92
545,44,22,4,2024-06-09,5035.15
1287,269,39,6,2025-03-04,425.57
467,403,44,2,2023-10-21,3731.19
489,528,9,3,2025-04-10,3971.55
718,179,46,1,2024-01-26,1144.05
421,457,29,4,2024-11-15,3014.36
1206,236,23,3,2024-01-01,3104.24
99,489,23,5,2024-06-01,583.68
724,167,26,4,2024-03-21,3816.15
1348,439,2,2,2024-12-27,2357.70
665,441,3,1,2023-11-30,3012.10
1250,308,21,3,2026-03-06,1891.79
289,265,42,5,2025-10-20,292.01
305,286,20,6,2025-12-09,3146.30
1337,174,20,2,2025-03-13,922.40
140,85,32,1,2025-10-07,4762.55
332,584,7,5,2024-12-18,2074.46
1254,319,47,2,2023-10-31,3328.87
912,379,24,5,2025-12-20,2763.64
43,335,15,3,2023-11-21,3402.19
542,377,22,1,2024-10-04,145.12
337,104,4,5,2023-09-29,3054.85
384,88,7,5,2024-10-17,3101.32
741,270,13,1,2025-06-26,2324.08
803,408,29,2,2024-12-22,2203.10
357,50,43,1,2025-05-19,8171.66
511,439,15,1,2026-01-23,3217.14
438,68,32,5,2024-09-15,3226.99
1020,166,13,3,2026-03-01,9205.87
978,420,32,1,2025-08-01,4163.52
1371,250,22,4,2023-09-20,3440.90
484,438,17,4,2025-06-17,224.44
982,85,46,4,2024-07-28,3342.63
54,220,47,3,2025-03-04,1616.66
326,448,13,1,2025-09-30,2374.21
1444,376,33,2,2024-08-05,1321.01
1139,1,6,4,2026-01-05,5472.21
249,431,29,3,2025-01-01,9803.29
1341,304,5,6,2023-12-23,5239.87
1318,75,8,5,2025-11-27,2484.21
557,81,31,3,2023-12-25,322.82
435,502,45,4,2025-02-19,1434.85
1413,573,3,3,2025-11-06,2618.94
547,138,16,3,2024-06-24,8702.76
1438,116,14,4,2024-04-23,2358.16
662,414,44,3,2024-01-20,2247.60
113,144,10,3,2025-07-18,3364.75
314,28,40,6,2023-12-13,5764.54
731,229,39,6,2023-11-25,1252.91
174,180,24,2,2024-06-27,3157.98
1478,70,9,2,2026-01-19,6877.05
910,163,39,6,2024-05-08,1008.01
576,44,26,6,2025-10-20,4331.78
317,189,31,5,2025-08-06,3423.62
699,65,30,5,2024-02-17,1154.10
1117,478,47,3,2025-09-27,2541.30
1335,136,25,1,2025-06-20,747.25
1216,498,39,1,2025-01-23,5793.50
1286,190,4,5,2026-01-14,3782.39
1279,251,24,4,2025-05-17,2843.99
1078,243,42,5,2025-05-05,1336.24
915,150,35,1,2024-10-15,4981.53
632,350,30,1,2023-10-22,2405.62
1364,436,45,6,2025-12-13,1067.51
932,180,23,4,2025-02-27,2728.26
3,196,46,4,2023-12-06,5850.90
640,529,33,3,2025-09-06,2970.14
672,590,26,4,2023-12-01,5811.92
1168,539,37,3,2025-08-18,12098.42
76,148,10,6,2024-12-15,1488.26
1045,221,17,4,2023-10-26,4062.23
971,518,36,1,2025-02-06,2004.20
688,541,27,3,2024-04-18,3064.58
845,165,15,6,2023-09-22,3435.27
94,522,10,5,2025-09-16,2995.59
625,444,12,1,2025-06-15,4466.01
726,100,29,5,2024-10-19,3892.25
82,238,39,2,2023-09-27,878.61
793,506,35,2,2025-08-09,3074.78
694,180,15,3,2025-02-23,1128.56
416,196,6,6,2024-07-30,6295.85
1196,182,28,1,2023-11-01,4984.94
500,424,43,3,2024-08-01,2127.61
1142,197,44,2,2025-01-18,2129.68
7,247,49,3,2024-10-11,1054.52
1354,516,30,1,2025-05-01,4200.33
1472,189,47,5,2025-02-14,3865.08
516,403,49,5,2026-01-01,6905.28
1351,159,41,3,2025-10-31,5906.36
795,327,42,6,2025-12-09,3306.98
739,130,13,3,2025-01-09,3400.28
1123,31,15,3,2023-12-12,309.69
1201,367,15,2,2025-12-18,3568.52
993,553,27,4,2025-08-29,1285.59
1074,69,16,2,2024-10-10,3750.21
816,231,26,3,2025-02-07,1874.68
277,344,39,5,2024-08-13,5056.67
1110,90,19,2,2025-12-30,3927.75
951,593,49,3,2025-12-13,1077.32
1392,380,17,4,2025-04-05,2813.12
633,263,50,1,2025-01-25,1035.76
1101,421,15,2,2025-04-17,2313.91
436,600,25,5,2025-04-19,2642.83
1484,309,35,4,2024-09-26,2092.68
866,154,2,5,2025-06-14,979.28
430,52,38,4,2025-07-08,1866.83
36,133,48,2,2024-10-22,356.11
716,304,28,2,2026-03-06,3712.56
792,146,34,6,2024-01-28,5832.09
318,203,42,6,2025-06-27,4985.66
683,544,39,5,2025-03-18,3111.49
242,443,42,6,2024-04-15,1442.70
375,84,6,5,2025-08-21,3541.63
596,405,32,4,2025-09-10,1117.39
182,426,23,6,2024-07-13,1297.72
108,489,8,3,2025-06-21,113.66
1366,468,10,5,2024-11-08,1518.44
695,114,22,1,2024-07-21,3224.97
777,3,17,6,2025-07-02,2205.73
1389,251,47,6,2025-10-06,3035.25
895,553,47,2,2024-10-20,3647.98
49,390,28,3,2025-10-23,1110.77
936,416,28,1,2026-01-07,1326.23
782,496,9,1,2024-10-11,2737.86
214,442,5,2,2025-12-12,4229.82
648,303,21,2,2025-10-22,2170.51
1050,154,3,3,2023-12-12,2894.95
1446,229,37,4,2024-06-13,2524.25
1128,415,20,6,2025-10-10,512.98
1334,119,22,4,2026-02-03,2116.66
171,30,21,2,2024-11-24,1404.71
1362,144,43,6,2024-03-02,1590.63
137,5,38,6,2025-04-08,1029.07
407,211,26,1,2024-12-18,2520.60
798,108,50,3,2025-07-05,2503.04
319,97,17,3,2025-03-17,2309.40
529,141,41,4,2023-12-09,586.40
1025,223,21,1,2025-07-26,5880.56
737,480,1,4,2025-12-25,2257.35
126,156,23,6,2024-02-13,1531.76
278,291,49,1,2024-06-14,5339.22
245,538,43,3,2023-12-06,1883.70
589,533,50,5,2024-07-24,3765.82
763,555,8,4,2026-01-18,1507.29
1308,593,39,2,2025-11-10,6601.19
1251,96,45,5,2025-05-10,6208.48
870,260,9,3,2024-04-12,3103.95
24,286,9,1,2023-10-12,2694.03
338,203,16,2,2025-12-12,4627.32
65,95,12,5,2025-05-15,888.81
1011,190,6,6,2024-02-06,744.52
1356,559,3,2,2026-02-04,1029.70
1037,116,46,5,2024-10-17,1841.11
1498,343,9,6,2025-03-07,586.93
142,438,46,1,2025-12-09,4798.52
1205,563,28,3,2024-12-01,6321.74
400,247,44,6,2025-12-21,3163.02
1442,536,47,3,2024-04-17,1285.05
811,490,33,3,2024-09-12,1239.71
1363,295,31,6,2023-11-15,209.57
286,225,21,6,2025-01-21,6325.05
177,211,33,5,2024-04-29,773.26
1495,273,15,2,2023-11-28,3481.12
1357,120,10,6,2025-03-18,1879.56
1184,181,9,3,2023-12-30,3562.76
136,386,13,3,2025-08-04,7846.42
800,406,37,4,2024-08-12,1518.81
645,27,39,1,2023-12-29,1656.62
1058,234,9,3,2023-12-05,1296.40
452,169,17,2,2024-02-17,1758.27
1394,149,11,2,2025-05-15,3065.10
1146,247,35,5,2025-03-07,1310.65
839,261,29,2,2025-06-19,1672.11
118,433,6,6,2023-09-27,269.20
691,466,30,3,2025-01-22,1795.85
458,505,4,1,2025-09-22,2304.18
134,390,47,6,2025-01-14,2837.57
311,523,16,2,2024-03-27,2495.94
693,520,2,6,2023-11-24,3243.17
89,366,40,4,2025-05-02,2459.51
927,162,9,3,2023-11-14,2457.78
738,534,28,2,2026-02-09,825.70
100,412,28,5,2025-05-07,2673.68
1108,248,5,1,2023-10-21,1423.58
179,104,13,6,2024-07-22,1707.03
969,116,33,4,2025-04-15,491.50
21,489,46,4,2024-01-10,501.71
495,202,45,6,2024-02-19,7952.41
428,19,31,6,2025-01-11,80.97
1176,361,27,5,2024-10-23,329.36
63,128,42,5,2026-02-01,2317.53
255,262,2,4,2025-02-02,1123.19
151,303,4,5,2023-10-05,6399.23
103,349,11,5,2024-08-20,92.29
350,521,8,1,2024-04-06,1114.98
374,91,2,1,2025-10-05,6067.19
1221,60,21,5,2024-02-23,670.46
942,356,3,3,2024-04-15,3880.54
728,423,31,4,2025-02-15,1637.61
634,365,36,3,2024-03-12,3492.11
1023,524,5,2,2024-10-18,2677.02
857,245,36,5,2023-11-11,3552.60
56,27,15,3,2025-12-26,1316.04
272,3,5,1,2025-12-05,1980.25
1008,116,43,5,2026-02-26,1010.90
1255,98,26,3,2024-12-31,140.24
476,420,41,4,2025-11-09,3138.88
42,261,39,1,2026-01-29,5902.60
1246,73,27,6,2024-05-19,635.27
62,233,14,2,2025-03-02,5160.53
33,566,8,1,2025-06-16,5673.41
949,350,15,2,2023-12-11,1287.58
1118,25,13,3,2026-01-24,5813.41
15,51,21,5,2025-07-09,3604.65
824,561,8,2,2024-11-13,3574.27
28,97,46,6,2026-01-15,4628.62
1149,578,26,1,2023-11-14,2647.51
161,65,41,4,2024-09-09,1990.75
1309,193,16,6,2024-05-28,4442.98
488,87,26,6,2025-09-30,8956.28
719,374,21,1,2026-01-06,8630.92
342,338,48,1,2024-11-30,1656.95
219,131,43,6,2026-02-11,3703.17
1187,201,44,5,2024-01-12,1225.32
626,112,19,5,2024-10-13,2256.79
771,592,43,6,2024-07-23,4199.12
660,348,20,3,2024-03-12,1746.84
1073,17,35,3,2025-05-18,771.42
970,401,46,5,2026-01-29,1547.73
943,186,20,4,2025-08-01,1967.55
246,349,22,4,2025-11-17,3941.67
1160,342,49,6,2024-12-13,3559.05
1249,69,48,5,2025-05-10,4441.07
410,25,38,1,2024-11-20,3930.84
926,64,21,5,2024-09-28,1182.73
592,338,28,6,2025-01-01,750.76
635,204,39,6,2024-03-11,1815.25
843,157,18,4,2026-02-24,3475.70
571,43,18,2,2024-11-21,2153.72
1064,549,25,5,2024-06-30,597.66
1410,243,49,4,2025-06-12,575.85
1180,504,8,4,2024-05-26,8293.47
92,492,29,5,2024-10-27,498.83
1400,499,49,4,2025-05-28,1295.37
160,63,15,2,2024-06-19,946.58
148,437,50,5,2024-03-29,7168.75
226,160,43,3,2024-03-04,824.76
541,279,9,2,2025-02-27,465.07
1057,88,38,2,2024-03-31,1856.87
705,355,27,1,2025-05-10,833.39
359,119,6,6,2024-05-20,3194.77
47,251,42,1,2024-02-22,1866.21
392,199,26,4,2025-09-11,2436.19
618,405,49,3,2025-01-19,3685.37
300,236,29,1,2023-11-09,2376.08
470,21,44,1,2025-08-14,3271.12
882,401,2,3,2024-03-21,6380.65
880,203,6,5,2026-02-17,2909.83
240,367,46,3,2024-11-28,412.04
1063,324,49,5,2024-07-27,1577.57
1104,2,42,1,2024-08-24,5865.50
1340,431,33,3,2024-07-06,3524.97
1096,148,31,5,2025-01-07,1499.76
1133,92,20,1,2026-02-23,2958.64
1132,261,32,3,2024-05-22,3747.75
583,186,3,1,2024-11-04,1122.88
844,495,7,1,2024-01-30,4131.73
1361,370,13,4,2024-04-04,3625.59
781,484,30,6,2025-08-10,2368.03
838,53,21,4,2025-12-28,821.85
1107,234,48,6,2025-09-28,4579.44
669,2,16,1,2025-07-21,2141.68
13,318,26,3,2024-09-19,10549.32
893,596,35,4,2025-03-05,2562.30
913,586,44,3,2024-10-23,2210.44
1395,584,40,4,2025-01-27,4312.88
1385,26,24,6,2024-07-16,1307.80
1275,200,24,4,2024-07-17,771.69
1170,38,36,2,2025-10-25,5878.10
826,262,5,1,2024-01-14,6289.51
730,98,39,5,2025-09-26,544.66
680,481,5,1,2024-08-02,3412.35
1256,369,49,3,2024-03-17,617.30
268,14,4,6,2025-02-12,4059.89
1017,12,21,6,2023-10-21,3283.44
1173,234,38,2,2025-07-11,1720.97
549,537,16,2,2024-09-06,324.34
1373,109,40,4,2024-03-08,2098.86
629,117,37,1,2026-02-13,2379.27
1236,169,29,5,2024-11-28,748.08
1432,11,19,1,2025-02-28,1630.19
884,393,29,5,2023-11-04,836.06
1234,318,25,3,2024-05-19,3759.38
383,307,36,3,2024-05-24,214.39
1172,446,24,1,2023-11-20,1415.40
373,20,25,3,2025-10-30,4754.82
379,419,20,5,2026-01-08,3584.09
1393,427,9,2,2025-07-30,1924.45
1289,600,5,5,2024-03-25,4116.49
749,453,1,5,2025-01-05,1654.56
282,370,15,4,2026-03-05,1113.79
666,290,36,5,2025-09-05,1808.62
769,522,30,1,2023-10-14,833.63
981,467,12,4,2024-04-01,2881.71
303,345,24,1,2025-12-25,748.70
574,4,28,4,2024-03-24,1466.57
301,465,35,2,2023-10-07,3336.34
1447,93,42,6,2024-05-15,1741.57
1398,139,7,5,2025-10-08,5328.49
57,510,48,1,2025-08-17,1337.41
1296,542,44,2,2024-11-30,648.74
945,339,19,2,2024-11-26,526.34
704,392,37,3,2023-11-19,949.82
1406,13,15,4,2025-07-31,860.81
1049,63,5,3,2025-06-20,10571.00
1483,386,3,2,2023-12-26,1154.39
776,266,24,4,2023-11-21,2622.59
153,256,17,5,2026-02-02,1854.88
717,558,9,2,2025-06-20,3066.38
579,245,8,4,2024-05-14,113.07
1452,212,23,5,2024-05-30,1630.64
66,366,7,2,2023-12-17,4754.67
748,358,2,1,2024-01-09,1139.40
287,509,35,4,2023-12-09,1687.02
1402,112,38,1,2025-01-16,923.75
760,238,20,1,2023-10-22,531.59
227,390,6,6,2025-07-25,4443.95
1280,351,10,4,2025-08-11,1107.33
1433,353,7,1,2024-07-29,3682.02
292,114,9,3,2025-04-26,2745.71
1010,186,50,5,2024-09-13,1633.07
196,243,49,1,2025-07-04,4193.38
519,327,1,1,2024-12-08,6424.93
8,546,22,6,2026-01-09,638.52
642,527,33,4,2025-10-20,2223.42
772,566,24,6,2026-03-08,2481.90
582,237,21,2,2025-11-02,1179.93
1007,456,36,2,2023-11-04,3790.07
1290,562,44,4,2026-02-28,1914.76
347,544,49,4,2025-05-31,805.50
965,59,6,2,2024-10-26,218.29
405,105,34,2,2025-10-13,347.61
1091,439,8,6,2025-06-16,1205.63
193,128,11,3,2024-10-10,5726.96
173,372,31,6,2025-08-18,1190.98
143,137,7,4,2025-05-29,238.22
269,180,50,5,2023-10-28,3169.80
1069,276,37,5,2025-01-26,2395.43
979,488,6,2,2025-11-04,3618.92
233,228,40,3,2024-05-02,1844.40
200,245,3,5,2025-09-04,331.19
921,219,25,4,2025-04-25,917.38
1377,537,33,2,2023-10-22,59.31
560,230,39,1,2025-03-28,2057.68
1423,492,28,4,2024-04-11,2356.20
1031,559,18,6,2025-12-14,4621.94
526,564,39,2,2024-10-23,1572.16
590,49,42,3,2024-07-14,2055.01
1213,96,26,4,2026-02-19,3157.60
1019,206,5,1,2024-03-25,1544.57
403,189,35,6,2025-09-08,3285.54
914,523,29,1,2026-01-13,3063.61
1002,506,50,1,2025-08-01,7777.43
956,259,2,2,2023-10-07,1956.37
1482,525,8,4,2025-03-21,990.23
1203,116,17,4,2025-06-13,3245.00
1111,144,6,4,2024-06-10,4868.77
1420,478,33,4,2025-11-16,1224.38
355,304,2,4,2024-12-11,5298.09
613,176,20,5,2024-06-13,1003.37
34,396,31,2,2025-08-31,2381.12
1204,367,40,6,2024-02-01,708.64
367,208,10,4,2025-02-02,1246.25
387,526,18,5,2024-07-04,51.89
863,60,24,6,2024-12-19,753.19
814,329,48,4,2024-10-19,475.73
1163,496,37,6,2023-11-10,2682.67
1098,515,50,3,2025-09-09,3650.69
1253,204,46,4,2024-07-10,2660.80
588,110,8,6,2024-02-02,2447.76
1102,336,18,1,2023-11-08,345.17
602,375,8,3,2024-07-09,931.03
841,222,29,2,2025-11-21,497.16
1004,66,6,2,2025-03-09,8267.05
1403,416,46,4,2024-12-10,2143.70
37,526,22,2,2026-02-08,3525.89
316,416,11,5,2024-01-16,2506.81
556,311,14,5,2024-01-15,2257.97
808,513,2,6,2024-11-12,2525.28
1047,587,12,6,2024-09-24,1950.11
1154,122,2,1,2025-11-27,2862.42
1273,182,16,1,2025-02-11,275.65
72,169,12,1,2024-05-13,5663.45
1422,192,27,3,2024-09-17,1170.53
224,449,29,2,2026-03-05,203.63
1147,259,46,1,2024-06-28,2159.13
1440,566,27,4,2025-02-25,3746.64
1282,521,42,5,2025-05-06,1532.95
194,99,36,4,2025-01-10,4143.46
853,485,16,5,2024-10-24,5037.96
433,442,13,2,2025-03-30,65.79
215,557,13,3,2024-06-03,1455.97
1437,106,3,6,2025-10-29,2330.94
1061,461,43,2,2025-06-09,385.16
873,453,17,6,2025-05-07,1577.27
1026,343,40,1,2025-04-10,1740.58
673,238,44,3,2025-05-01,1449.84
789,119,44,4,2025-07-12,809.08
162,455,14,1,2025-01-06,2091.50
53,561,30,3,2024-11-12,53.02
1457,31,7,6,2026-03-08,1535.37
1494,552,30,6,2025-11-16,2668.98
1166,348,17,4,2024-02-14,4107.72
95,361,45,4,2025-12-27,2316.14
159,229,31,2,2025-06-25,5630.92
1106,149,40,5,2024-05-18,3373.85
80,349,46,2,2024-02-01,2870.54
907,360,25,1,2025-06-19,2482.95
473,358,26,2,2025-09-24,1647.69
1333,495,10,5,2024-03-01,2975.39
961,562,32,3,2025-08-13,4506.17
791,167,9,3,2025-10-06,384.71
807,508,45,1,2024-12-06,1001.42
734,147,14,2,2025-03-20,2001.18
1083,238,26,4,2025-08-03,34.71
711,546,18,5,2025-03-25,5025.69
652,468,48,1,2024-01-15,1870.18
1267,559,19,5,2026-01-02,2101.10
655,330,27,1,2024-09-03,1124.29
948,358,12,5,2025-09-02,2915.03
216,515,44,4,2025-06-22,445.07
169,115,9,4,2024-07-20,3398.34
440,443,33,5,2026-02-11,3001.44
323,577,41,2,2024-03-21,1460.03
366,113,38,1,2024-05-10,485.98
1384,263,12,2,2025-03-16,2936.12
1090,469,1,5,2026-02-28,882.05
230,453,42,5,2024-09-09,486.36
902,329,4,6,2024-06-11,1185.12
1053,558,23,6,2026-02-26,1701.98
1036,274,36,1,2024-02-20,975.41
39,321,12,6,2024-02-05,2867.24
335,492,5,6,2025-09-28,951.29
595,93,29,1,2025-04-11,3402.83
525,323,32,2,2024-12-18,563.83
203,458,16,6,2025-10-01,118.94
1065,318,43,4,2023-10-17,93.97
959,384,19,5,2025-06-06,1891.38
93,284,31,5,2025-08-18,2718.05
1115,386,18,6,2025-08-04,281.16
1380,57,49,3,2025-01-16,1287.69
555,530,40,2,2023-10-09,2438.32
1188,52,49,4,2025-01-01,807.35
577,504,12,2,2024-01-02,3599.44
933,546,14,6,2024-12-13,2166.44
1134,325,35,1,2025-05-24,4064.18
1105,84,19,4,2024-05-29,2911.06
1097,371,30,6,2025-01-08,3106.56
1426,415,30,3,2023-12-03,2315.73
1462,288,18,6,2024-11-13,2351.91
833,522,40,3,2023-10-09,1353.83
1032,489,33,4,2024-08-14,3243.77
1421,338,31,6,2025-12-26,1115.08
646,312,19,6,2025-11-17,2394.24
220,593,47,1,2023-12-21,2776.96
1137,149,12,2,2023-09-26,5608.94
87,176,41,2,2024-08-29,1097.50
1485,505,12,4,2023-12-15,1445.53
1269,46,49,4,2025-01-01,272.00
91,324,8,5,2025-05-09,1226.91
1306,412,14,1,2025-03-10,773.21
1228,586,6,3,2025-08-10,2145.22
1436,225,19,4,2024-01-27,4562.30
998,492,10,4,2025-08-29,615.63
1431,83,1,4,2025-11-20,3428.73
952,506,28,5,2024-01-15,1101.95
1195,5,4,4,2025-11-20,1915.14
752,406,15,1,2024-04-05,541.15
75,221,33,4,2025-10-01,188.81
575,107,32,5,2023-10-29,6997.17
1,303,46,1,2025-07-17,78.74
1349,570,23,5,2025-04-10,1938.91
518,103,36,3,2025-02-08,529.51
218,485,9,2,2025-12-30,226.29
939,446,46,4,2025-04-08,3485.74
441,481,50,3,2026-01-21,1347.46
1087,219,30,1,2025-02-01,1505.73
1038,297,33,5,2024-06-09,329.55
1294,135,31,2,2025-04-24,3815.21
1449,378,33,6,2025-11-04,2153.94
559,559,33,1,2024-04-02,729.52
132,5,33,6,2024-09-27,1925.12
527,481,50,2,2025-04-08,182.25
494,219,28,1,2024-11-14,1227.88
155,36,14,4,2024-07-01,5393.58
654,262,40,1,2025-10-04,2928.10
1346,98,26,1,2025-04-29,1510.02
1199,66,35,6,2026-01-06,1269.71
409,1,7,2,2025-01-20,467.08
181,288,21,5,2024-03-29,2132.87
479,131,25,1,2025-05-13,654.70
480,299,48,1,2025-08-01,2685.33
1451,446,39,5,2025-05-07,2098.44
38,481,45,2,2023-10-15,722.05
1360,579,49,1,2024-02-15,1720.20
1466,192,44,1,2023-11-05,528.81
562,371,44,1,2025-01-12,3650.50
892,222,10,1,2025-12-21,1263.25
192,162,10,2,2025-11-15,1762.49
1469,548,28,3,2025-10-07,2464.09
139,560,32,3,2023-10-11,2323.85
649,457,26,2,2025-10-30,1617.85
1300,328,43,3,2025-12-31,1003.40
1013,479,49,5,2024-08-12,2066.07
406,230,22,3,2025-05-03,389.17
389,209,9,5,2024-05-14,1767.11
1266,391,23,4,2024-06-27,3685.79
676,542,22,6,2026-03-01,550.36
698,146,12,1,2024-07-13,2210.18
1310,227,31,2,2024-08-12,2418.71
622,369,45,4,2024-09-29,5066.77
888,148,12,5,2024-03-17,1140.06
4,237,40,1,2023-11-15,1885.77
61,531,5,4,2024-12-07,3116.53
1417,205,5,5,2024-05-04,3059.26
444,388,7,3,2024-06-03,945.83
977,575,43,4,2024-09-20,694.57
1021,218,23,3,2025-12-12,4284.10
1325,119,48,2,2024-06-09,2742.45
785,544,5,6,2026-02-20,5625.82
1052,381,34,4,2024-04-27,1086.22
1009,91,36,4,2025-04-26,2146.28
819,242,22,6,2026-01-31,712.95
764,90,47,6,2024-06-16,2096.82
14,57,50,5,2025-04-19,1185.25
973,388,39,1,2024-08-20,740.60
1093,475,16,6,2025-04-24,1622.56
213,339,15,1,2025-01-22,2450.93
229,326,48,5,2023-10-05,935.96
1458,49,32,3,2024-03-19,2291.27
1338,236,45,1,2024-12-19,1643.15
334,587,12,6,2025-03-18,698.88
813,376,19,2,2025-03-13,1196.39
935,145,14,2,2024-09-12,1144.32
539,204,28,3,2025-03-23,1422.98
593,246,36,5,2025-03-03,2784.14
422,326,8,6,2024-06-12,464.66
1006,524,21,2,2024-04-27,2015.95
293,206,35,5,2023-12-23,615.51
258,193,14,1,2024-07-23,748.19
708,347,5,5,2024-03-25,1165.51
756,179,21,3,2025-02-01,2208.79
899,389,5,3,2024-11-04,628.13
925,485,1,2,2024-07-26,548.81
1434,264,35,3,2025-12-30,2317.00
231,532,14,4,2024-02-23,1414.41
690,588,45,6,2024-03-07,2587.21
50,345,43,1,2025-03-20,1019.76
644,89,2,6,2025-04-17,1163.06
1241,231,25,2,2024-10-09,2485.90
461,138,20,5,2024-03-21,593.02
989,247,30,5,2025-11-29,656.58
868,263,9,5,2026-02-07,1144.33
538,14,15,3,2025-07-17,1632.81
1066,123,12,6,2024-02-27,87.45
818,42,42,5,2024-07-08,311.03
842,332,34,4,2023-12-25,662.72
594,151,28,3,2025-02-21,1372.52
1165,320,14,1,2025-01-22,168.12
865,597,21,5,2024-11-09,2210.17
675,462,9,5,2024-07-03,2939.26
1238,340,4,3,2025-06-05,1744.57
796,66,38,5,2026-02-18,1993.77
1186,91,20,6,2023-10-22,2225.54
1103,301,17,2,2024-03-25,113.30
130,524,10,1,2023-12-24,347.89
270,397,11,1,2025-06-15,410.81
999,527,47,2,2024-12-04,1592.81
1235,236,32,6,2024-06-18,235.22
225,557,47,4,2023-10-05,414.42
426,48,41,2,2023-11-26,445.20
356,533,39,2,2025-03-29,2275.89
1396,559,44,6,2023-10-01,5193.81
1062,132,23,6,2024-02-08,307.52
223,376,27,6,2023-11-12,1823.72
1480,62,25,6,2023-11-12,1250.62
1261,348,32,1,2025-09-30,795.30
507,551,27,5,2025-12-20,3073.44
423,117,16,6,2024-04-07,471.83
178,243,43,1,2024-04-07,507.06
713,588,13,1,2023-10-11,226.91
105,28,40,3,2023-12-04,2728.89
88,252,13,2,2025-09-24,509.63
909,248,19,4,2023-12-05,472.71
149,285,30,6,2023-10-06,440.65
750,492,6,1,2025-06-06,34.69
994,115,50,6,2024-12-10,545.53
310,467,13,2,2025-05-25,415.93
599,332,4,2,2023-11-03,206.62
460,66,21,3,2025-12-26,2292.05
1443,182,28,5,2024-12-07,209.12
411,596,43,5,2025-12-06,592.97
1314,594,4,2,2024-03-31,1485.57
1464,530,28,1,2023-11-17,457.43
627,255,19,3,2023-12-23,2405.17
1157,328,10,1,2025-12-13,531.73
552,488,13,1,2024-03-10,1379.72
569,500,29,5,2024-05-01,227.89
1033,75,33,2,2025-06-16,2952.64
263,452,20,4,2025-03-02,823.35
1441,454,22,2,2024-11-16,11.10
1404,590,6,1,2025-03-29,1453.36
408,478,1,4,2023-10-08,983.81
653,568,41,5,2023-10-02,2169.35
1281,63,12,1,2023-12-20,766.33
606,419,16,5,2024-03-03,399.48
306,451,39,3,2024-08-19,236.45
1365,419,46,2,2025-02-27,1229.05
962,439,37,5,2023-09-23,1089.99
1088,154,14,5,2024-10-04,1226.88
524,31,38,5,2024-03-29,1768.52
395,45,13,4,2025-02-01,1205.27
531,203,20,4,2025-03-22,849.15
1162,287,12,4,2025-03-03,69.07
564,474,31,3,2023-11-28,2307.91
663,372,29,3,2025-10-18,414.06
396,201,24,6,2024-03-26,2562.83
490,480,19,5,2024-11-04,879.57
1252,337,15,4,2025-02-28,31.43
1487,431,41,2,2025-04-27,534.58
1317,256,32,3,2025-12-19,111.84
1131,94,17,6,2024-01-02,306.90
1467,31,1,2,2025-01-18,1730.04
483,122,29,1,2024-08-05,3031.34
804,227,48,6,2025-12-25,278.24
